<config xmlns="http://tail-f.com/ns/config/1.0">

  <aaa xmlns="http://tail-f.com/ns/aaa/1.1">
    <authentication>
      <users>
        <user>
          <name>admin</name>
          <uid>9000</uid>
          <gid>100</gid>
          <password>$0$admin</password>
          <ssh_keydir>/var/confd/homes/admin/.ssh</ssh_keydir>
          <homedir>/var/confd/homes/admin</homedir>
        </user>
        <user>
          <name>oper</name>
          <uid>9000</uid>
          <gid>100</gid>
          <password>$0$oper</password>
          <ssh_keydir>/var/confd/homes/oper/.ssh</ssh_keydir>
          <homedir>/var/confd/homes/oper</homedir>
        </user>
        <user>
          <name>public</name>
          <uid>9000</uid>
          <gid>100</gid>
          <password>$0$public</password>
          <ssh_keydir>/var/confd/homes/public/.ssh</ssh_keydir>
          <homedir>/var/confd/homes/public</homedir>
        </user>
        <user>
          <name>private</name>
          <uid>9000</uid>
          <gid>100</gid>
          <password>$0$private</password>
          <ssh_keydir>/var/confd/homes/private/.ssh</ssh_keydir>
          <homedir>/var/confd/homes/private</homedir>
        </user>
      </users>
    </authentication>
    <ios>
      <level>
        <nr>0</nr>
        <prompt>\h> </prompt>
      </level>
      <level>
        <nr>15</nr>
        <prompt>\h# </prompt>
      </level>
      <privilege>
        <mode>exec</mode>
        <level>
          <nr>0</nr>
          <command>
            <name>exit</name>
          </command>
          <command>
            <name>action</name>
          </command>
          <command>
            <name>help</name>
          </command>
          <command>
            <name>autowizard</name>
          </command>
          <command>
            <name>enable</name>
          </command>
          <command>
            <name>startup</name>
          </command>
        </level>
        <level>
          <nr>15</nr>
          <command>
            <name>configure</name>
          </command>
        </level>
      </privilege>
    </ios>
  </aaa>

  <nacm xmlns="urn:ietf:params:xml:ns:yang:ietf-netconf-acm">
    <write-default>permit</write-default>
    <groups>
      <group>
        <name>admin</name>
        <user-name>admin</user-name>
        <user-name>private</user-name>
      </group>
      <group>
        <name>oper</name>
        <user-name>oper</user-name>
        <user-name>public</user-name>
      </group>
    </groups>
    <rule-list>
      <name>admin</name>
      <group>admin</group>
      <rule>
        <name>any-access</name>
        <action>permit</action>
      </rule>
    </rule-list>
    <rule-list>
      <name>any-group</name>
      <group>*</group>
      <rule>
        <name>tailf-aaa-authentication</name>
        <module-name>tailf-aaa</module-name>
        <path>/aaa/authentication/users/user[name='$USER']</path>
        <access-operations>read update</access-operations>
        <action>permit</action>
      </rule>
      <rule>
        <name>tailf-aaa-user</name>
        <module-name>tailf-aaa</module-name>
        <path>/user[name='$USER']</path>
        <access-operations>create read update delete</access-operations>
        <action>permit</action>
      </rule>
      <rule>
        <name>tailf-webui-user</name>
        <module-name>tailf-webui</module-name>
        <path>/webui/data-stores/user-profile[username='$USER']</path>
        <access-operations>create read update delete</access-operations>
        <action>permit</action>
      </rule>
    </rule-list>
  </nacm>

</config>
